[
    {
        "id": 1,
        "product": "PRULIBACT",
        "generic_name": "Prulifloxacin 600 mg Tablet",
        "product_information": "5's",
        "category": "VATABLE",
        "product_price": 1000.00
    },
    {
        "product": "PRULIBACT",
        "generic_name" : "Prulifloxacin 600 mg Tablet",
        "product_information": "30's",
        "category": "VATABLE",
        "product_price": 6000.00
       },
    {
        "product": "KEFEZY",
        "generic_name":"Cefuroxime 500 mg Tablet",
        "product_information": "12's",
        "category": "VATABLE",
        "product_price": 720.00
    },
    {
        "product": "LEVOBACT 500mg",
        "generic_name": "Levofloxacin 500 mg Tablet",
        "product_information": "50's",
        "category": "VATABLE",
        "product_price": 3000.00
    },
    {
        "product": "LEVOBACT 750mg",
        "generic_name":"Levofloxacin 750 mg Tablet",
        "product_information": "50's",
        "category": "VATABLE",
        "product_price": 4500.00
    },
    {
        "product": "AZILIDE-DT",
        "generic_name":"Azithromycin Dihydrate 100 mg Tablet",
        "product_information": "15's",
        "category": "VATABLE",
        "product_price": 600.00
    },
    {
        "product": "AZILIDE 500",
        "generic_name":" Azithromycin 500 mg Tablet",
        "product_information": "3's",
        "category": "VATABLE",
        "product_price": 330.00
    },
    {
        "product": "CLARIWIN DT",
        "generic_name": "Clarithromycin 125mg Dispersable Tablet",
        "product_information": "30's",
        "category": "VATABLE",
        "product_price": 660.00
    },
    {
        "product": "ORNILOX",
        "generic_name": "Ornidazole 500mg + Ofloxacin 200mg Tablet",
        "product_information": "30's",
        "category": "VATABLE",
        "product_price": 1500.00
    },
    {
        "product": "FUNGICON",
        "generic_name": "Fluconazole 150mg",
        "product_information": "25's",
        "category": "VATABLE",
        "product_price": 3125.00
    },
    {
        "product": "OSTONEE",
 
        "generic_name": "Diacerein 50mg Capsule",
        "product_information": "10's",
        "category": "VATABLE",
        "product_price": 400.00
    },
    {
        "product": "DOLOWIN ",
 
        "generic_name": "Aceclofenac 100mg Tablet",
        "product_information": "30's",
        "category": "VATABLE",
        "product_price": 450.00
    },
    {
        "product": "DOLOWIN PLUS ",
 
        "generic_name": "Aceclofenac + Paracetamol Tablet",
        "product_information": "100's",
        "category": "VATABLE",
        "product_price": 2200.00
    },
    {
        "product": "DOLOWIN SR ",
 
        "generic_name": "Aceclofenac 200mg Tablet",
        "product_information": "50's",
        "category": "VATABLE",
        "product_price": 1400.00
    },
    {
        "product": "CETODOL ",
 
        "generic_name": "Tramadol HCL 37.5mg + Paracetamol 325 mg",
        "product_information": "50's",
        "category": "VATABLE",
        "product_price": 1250.00
    },
    {
        "product": "MEBUX 40MG",
 
        "generic_name": "40MG Febuxostat 40mg Tablet",
        "product_information": "30's",
        "category": "VATABLE",
        "product_price": 660.00
    },
    {
        "product": "MEBUX 80MG",
 
        "generic_name": "80MG Febuxostat 80mg Tablet",
        "product_information": "30's",
        "category": "VATABLE",
        "product_price": 930.00
    },
    {
        "product": "PANTOCAR ",
 
        "generic_name": "Pantoprazole 40 mg Tablet",
        "product_information": "30's",
        "category": "VATABLE",
        "product_price": 1050.00
    },
    {
        "product": "URSODOX ",
        "generic_name": "Ursodeoxycholic Acid 250mg Capsules",
        "product_information": "100's",
        "category": "VATABLE",
        "product_price": 5000.00
    },
    {
        "product": "GASTRIUM ",
        "generic_name": "Domperidone 10mg Tablet",
        "product_information": "100's",
        "category": "VATABLE",
        "product_price": 1150.00
    },
    {
        "product": "ASKEY ",
 
        "generic_name": "Cetirizine HCI 10 mg Tablet",
        "product_information": "100's",
        "category": "VATABLE",
        "product_price": 1600.00
    },
    {
        "product": "ASKEY DT ",
 
        "generic_name": "Cetirizine Hydrochloride Dispersible Tablet",
        "product_information": "100's",
        "category": "VATABLE",
        "product_price": 600.00
    },
    {
        "product": "EBAST DT ",
 
        "generic_name": "Ebastine Dispersible Tablets 5mg",
        "product_information": "30's",
        "category": "VATABLE",
        "product_price": 390.00
    },
    {
        "product": "MICROPHYLLINE ",
 
        "generic_name": "Doxophylline Tablet 400mg",
        "product_information": "30's",
        "category": "VATABLE",
        "product_price": 900.00
    },
    {
        "product": "STAFOBAN CREAM ",
 
        "generic_name": "Fusidic acid 10g tube",
        "product_information": "1's",
        "category": "VATABLE",
        "product_price": 220.00
    },
    {
        "product": "CARTINEX ",
 
        "generic_name": "Ranolazine 500mg Extended-Release Tablet",
        "product_information": "30's",
        "category": "VATABLE",
        "product_price": 720.00
    },
    {
        "product": "CARTINEX OD ",
 
        "generic_name": "Ranolazine 1000mg Extended-Release Tablet",
        "product_information": "30's",
        "category": "VATABLE",
        "product_price": 1170.00
    },
    {
        "product": "CILOZOL 50MG",
 
        "generic_name": "50MG Cilostazol USP 50mg Tablet",
        "product_information": "30's",
        "category": "VATABLE",
        "product_price": 600.00
    },
    {
        "product": "CILOZOL 100MG",
 
        "generic_name": "100MG Cilostazol USP 100mg Tablet",
        "product_information": "30's",
        "category": "VATABLE",
        "product_price": 1140.00
    },
    {
        "product": "ESOFAG 20mg",
 
        "generic_name": "Esomeprazole Magnesium Trihydrate 20mg Tablet",
        "product_information": "30's",
        "category": "VATABLE",
        "product_price": 1200.00
    },
    {
        "product": "ESOFAG 40mg",
 
        "generic_name": "Esomeprazole Magnesium Trihydrate 40mg Tablet",
        "product_information": "30's",
        "category": "VATABLE",
        "product_price": 1800.00
    },
    {
        "product": "TIGLOR",
 
        "generic_name": "Ticagrelor 90mg Film-coated Tablet",
        "product_information": "30's",
        "category": "VATABLE",
        "product_price": 930.00
    },
    {
        "product": "TURBOVAS CP",
 
        "generic_name": "Rosuvastatin + Clopidogrel 5mg/75mg Tablet",
        "product_information": "30's",
        "category": "VATABLE",
        "product_price": 420.00
    },
    {
        "product": "KEFEZY 125mg",
 
        "generic_name": "125MG Cefuroxime Axetil Tablet USP 125 mg",
        "product_information": "30's",
        "category": "VATABLE",
        "product_price": 450.00
    },
    {
        "product": "URGISO 5MG",
 
        "generic_name": "Solifenacin Succinate 5mg",
        "product_information": "30's",
        "category": "VATABLE",
        "product_price": 1200.00
    },
    {
      "product": "AMLOZAAR",
        "generic_name": "Losartan Potassium 50 mg Tablet + Amlodipine 5mg Tablets",
        "product_information": "30's",
      "category": "NON-VAT",
      "product_price": 643.00
  },
  {
      "product": "AMLOZAAR-H",
      "generic_name": "Amlodipine 5mg,Losartan Potassium 50mg+Hydrochlorothiazide 12. 5 mg Tablets",
      "product_information": "30's",
      "category": "NON-VAT",
      "product_price": 750.00
  },
  {
      "product": "CALCIVAS 5mg",
      "generic_name": "Amlodipine Besylate 5mg Tablet",
      "product_information": "50's",
      "category": "NON-VAT",
      "product_price": 335.00
  },
  {
      "product": "CALCIVAS 10mg",
      "generic_name": "Amlodipine Besylate 10mg Tablet",
      "product_information": "30's",
      "category": "NON-VAT",
      "product_price": 295.00
  },
  {
      "product": "NIPARTAN",
      "generic_name": "Losartan Potassium 50 mg Tablet",
      "product_information": "30's",
      "category": "NON-VAT",
      "product_price": 348.00
  },
  {
      "product": "NIPARTAN-H",
      "generic_name": "Lozartan + Hydrochlorothiazide 50mg/12.5mg",
      "product_information": "30's",
      "category": "NON-VAT",
      "product_price": 388.00
  },
  {
      "product": "OLMAT 20mg",
      "generic_name": "Olmesartan Medoxomil Tablet 20mg",
      "product_information": "30's",
      "category": "NON-VAT",
      "product_price": 482.00
  },
  {
      "product": "OLMAT 40mg",
      "generic_name": "Olmesartan Medoxomil Tablet 40mg",
      "product_information": "30's",
      "category": "NON-VAT",
      "product_price": 670.00
  },
  {
      "product": "BALSARTEC 80mg",
      "generic_name": "Valsartan 80mg Tablet",
      "product_information": "30's",
      "category": "NON-VAT",
      "product_price": 670.00
  },
  {
      "product": "BALSARTEC 160mg",
      "generic_name": "Valsartan 160mg Tablet",
      "product_information": "30's",
      "category": "NON-VAT",
      "product_price": 1018.00
  },
  {
      "product": "AVAS 10mg",
      "generic_name": "Atorvastatin Tablet 10mg",
      "product_information": "30's",
      "category": "NON-VAT",
      "product_price": 482.00
  },
  {
      "product": "AVAS 20mg",
      "generic_name": "Atorvastatin Tablet 20mg",
      "product_information": "30's",
      "category": "NON-VAT",
      "product_price": 750.00
  },
  {
      "product": "FIBROVAS",
      "generic_name": "Fenofibrate and Atorvastatin Tablet",
      "product_information": "30's",
      "category": "NON-VAT",
      "product_price": 720.00
  },
  {
      "product": "TURBOVAS",
      "generic_name": "Rosuvastatin Calcium 5mg Tablet",
      "product_information": "30's",
      "category": "NON-VAT",
      "product_price": 321.00
  },
  {
      "product": "TURBOVAS 10mg",
      "generic_name": "Rosuvastatin Calcium 10mg Tablet",
      "product_information": "30's",
      "category": "NON-VAT",
      "product_price": 589.00
  },
  {
      "product": "TURBOVAS 10mg",
      "generic_name": "Rosuvastatin Calcium 10mg Tablet",
      "product_information": "100's",
      "category": "NON-VAT",
      "product_price": 1964.00
  },
  {
      "product": "TURBOVAS 20mg",
      "generic_name": "Rosuvastatin Calcium 20mg Tablet",
      "product_information": "30's",
      "category": "NON-VAT",
      "product_price": 884.00
  },
  {
      "product": "MELANOV MR 30mg",
      "generic_name": "Gliclazide 30 mg Tablet",
      "product_information": "100's",
      "category": "NON-VAT",
      "product_price": 700.00
  },
  {
      "product": "MELANOV MR 60mg",
      "generic_name": "Gliclazide 60 mg Tablet",
      "product_information": "100's",
      "category": "NON-VAT",
      "product_price": 1275.00
  },
  {
      "product": "TENEPRIDE",
      "generic_name": "Teneligliptin 20mg Tablet",
      "product_information": "30's",
      "category": "NON-VAT",
      "product_price": 690.00
  },
  {
      "product": "MELMET SR 1000",
      "generic_name": "Metformin Hydrochloride 1000 mg Tablet",
      "product_information": "30's",
      "category": "NON-VAT",
      "product_price": 375.00
  },
  {
      "product": "MELMET 850",
      "generic_name": "Metformin Hydrochloride 850 mg Tablet",
      "product_information": "50's",
      "category": "NON-VAT",
      "product_price": 447.00
  },
  {
      "product": "MELMET SR 500 ",
      "generic_name": "Metformin Hydrochloride 500 mg Tablet",
      "product_information": "30's",
      "category": "NON-VAT",
      "product_price": 214.00
  },
  {
      "product": "MELANOV M ",
      "generic_name": "Gliclazide 80mg + Metformin Hydrochloride",
      "product_information": "30's",
      "category": "NON-VAT",
      "product_price": 504.00
  },
  {
      "product": "TRIPRIDE ",
      "generic_name": "Glimepiride + Pioglitazone HCL + Metformin HCL",
      "product_information": "10's",
      "category": "NON-VAT",
      "product_price": 224.00
  },
  {
      "product": "CARVIDON-MR",
      "generic_name": "Trimetazidine 35 mg Modified Release Tablet",
      "product_information": "100's",
      "category": "NON-VAT",
      "product_price": 1400.00
  },
  {
      "product": "PLAGERINE",
      "generic_name": "Clopidogrel 75mg Tablet",
      "product_information": "30's",
      "category": "NON-VAT",
      "product_price": 1050.00
  },
  {
      "product": "SYCLOP 25mg",
      "generic_name": "Clozapine 25mg Tablet",
      "product_information": "30's",
      "category": "NON-VAT",
      "product_price": 600.00
  },
  {
      "product": "SYCLOP 100mg",
      "generic_name": "Clozapine 100mg Tablet",
      "product_information": "30's",
      "category": "NON-VAT",
      "product_price": 1860.00
  },
  {
      "product": "SYCLOP 100mg",
      "generic_name": "Clozapine 100mg Tablet",
      "product_information": "100's",
      "category": "NON-VAT",
      "product_price": 6400.00
  },
  {
      "product": "RISPOND 1mg",
      "generic_name": "Risperidone 1mg Tablet",
      "product_information": "10's",
      "category": "NON-VAT",
      "product_price": 280.00
  },
  {
      "product": "RISPOND 2mg",
      "generic_name": "Risperidone 2mg Tablet",
      "product_information": "30's",
      "category": "NON-VAT",
      "product_price": 1680.00
  },
  {
      "product": "RISPOND 2mg",
      "generic_name": "Risperidone 2mg Tablet",
      "product_information": "10's",
      "category": "NON-VAT",
      "product_price": 560.00
  },
  {
      "product": "RISPOND 4mg",
      "generic_name": "Risperidone 4mg Tablet",
      "product_information": "10's",
      "category": "NON-VAT",
      "product_price": 1010.00
  },
  {
      "product": "Q-WIN 25mg",
      "generic_name": "Quetiapine 25mg Tablet",
      "product_information": "50's",
      "category": "NON-VAT",
      "product_price": 1600.00
  },
  {
      "product": "Q-WIN 100mg",
      "generic_name": "Quetiapine 100mg Tablet",
      "product_information": "50's",
      "category": "NON-VAT",
      "product_price": 2850.00
  },
  {
      "product": "Q-WIN 200mg",
      "generic_name": "Quetiapine 200mg Tablet",
      "product_information": "50's",
      "category": "NON-VAT",
      "product_price": 5350.00
  },
  {
      "product": "OLAN 5MG",
      "generic_name": "Olanzapine 5mg Tablet",
      "product_information": "30's",
      "category": "NON-VAT",
      "product_price": 1350.00
  },
  {
      "product": "OLAN 10MG",
      "generic_name": "Olanzapine 10mg Tablet",
      "product_information": "100's",
      "category": "NON-VAT",
      "product_price": 8800.00
  },
  {
      "product": "OLAN ODT",
      "generic_name": "10MG Olanzapine 10mg Orodispersible Tablet",
      "product_information": "30's",
      "category": "NON-VAT",
      "product_price": 2640.00
  },
  {
      "product": "OLAN ODT 5MG",
      "generic_name": "Olanzapine 5mg Orodispersible Tablet",
      "product_information": "30's",
      "category": "NON-VAT",
      "product_price": 1350.00
  },
  {
      "product": "MIRAZEP",
      "generic_name": "Mirtazapine 30mg Tablet",
      "product_information": "30's",
      "category": "NON-VAT",
      "product_price": 1560.00
  },
  {
      "product": "ZOTRAL",
      "generic_name": "Setraline 50mg Tablet",
      "product_information": "100's",
      "category": "NON-VAT",
      "product_price": 3000.00
  },
  {
      "product": "S-CELEPRA 5mg",
      "generic_name": "Escitalopram Oxalate 5mg Tablet",
      "product_information": "30's",
      "category": "NON-VAT",
      "product_price": 390.00
  },
  {
      "product": "S-CELEPRA 10mg",
      "generic_name": "Escitalopram Oxalate 10mg Tablet",
      "product_information": "30's",
      "category": "NON-VAT",
      "product_price": 960.00
  },
  {
      "product": "S-CELEPRA 20mg",
      "generic_name": "Escitalopram Oxalate 20mg Tablet",
      "product_information": "30's",
      "category": "NON-VAT",
      "product_price": 1500.00
  },
  {
      "product": "NEUROCETAM 800mg",
      "generic_name": "Piracetam 800mg Tablet",
      "product_information": "30's",
      "category": "NON-VAT",
      "product_price": 480.00
  },
  {
      "product": "NEUROCETAM 1200mg",
      "generic_name": "Piracetam 1200mg Tablet",
      "product_information": "30's",
      "category": "NON-VAT",
      "product_price": 750.00
  },
  {
      "product": "NUROCOL",
      "generic_name": "Citicoline 500mg Tablet",
      "product_information": "10's",
      "category": "NON-VAT",
      "product_price": 500.00
  },
  {
      "product": "MICROLIT 400mg",
      "generic_name": "Lithium Carbonate Sustained Release 400 mg Tablet",
      "product_information": "30's",
      "category": "NON-VAT",
      "product_price": 240.00
  },
  {
      "product": "LAMOTRIN ODT/25mg",
      "generic_name": "Lamotrigine 25mg Orally Dispersible Tablet",
      "product_information": "30's",
      "category": "NON-VAT",
      "product_price": 390.00
  },
  {
      "product": "LAMOTRIN ODT/50mg",
      "generic_name": "Lamotrigine 50mg Orally Dispersible Tablet",
      "product_information": "30's",
      "category": "NON-VAT",
      "product_price": 660.00
  },
  {
      "product": "LAMOTRIN ODT/100mg",
      "generic_name": "Lamotrigine 100mg Orally Dispersible Tablet",
      "product_information": "30's",
      "category": "NON-VAT",
      "product_price": 930.00
  },
  {
      "product": "CARBOX 300mg",
      "generic_name": "Oxcarbazepine 300mg",
      "product_information": "50's",
      "category": "NON-VAT",
      "product_price": 850.00
  },
  {
      "product": "CARBOX 600mg",
      "generic_name": "Oxcarbazepine 600mg",
      "product_information": "50's",
      "category": "NON-VAT",
      "product_price": 1450.00
  },
  {
      "product": "NEURICA",
      "generic_name": "Pregabalin 75mg Capsule",
      "product_information": "30's",
      "category": "NON-VAT",
      "product_price": 990.00
  },
  {
    "product": "EPITOP 25mg",
      "generic_name": "Topiramate 25mg Tablet",
    "product_information": "50's",
    "category": "VATABLE",
    "product_price": 750.00
  },
  {
    "product": "EPITOP 50mg",
    "generic_name": "Topiramate 50mg Tablet",
    "product_information": "50's",
    "category": "VATABLE",
    "product_price": 1350.00
  },
  {
    "product": "EPITOP 100mg",
    "generic_name": "Topiramate 100mg Tablet",
    "product_information": "30's",
    "category": "VATABLE",
    "product_price": 1560.00
  },
  {
    "product": "GABALEPT 300mg",
    "generic_name": "Gabapentin 300mg Capsule",
    "product_information": "30's",
    "category": "VATABLE",
    "product_price": 718.50
  },
  {
    "product": "LEVACETAM 500mg",
    "generic_name": "Levetiracetam Tablets USP 500mg",
    "product_information": "30's",
    "category": "VATABLE",
    "product_price": 930.00
  },
  {
    "product": "PARDOPA",
    "generic_name": "Levodopa & Carbidopa Tablets",
    "product_information": "60's",
    "category": "VATABLE",
    "product_price": 2400.00
  },
  {
    "product": "PRIDEL-1mg",
    "generic_name": "Pramipexole Dihydrochloride 1mg Tablets",
    "product_information": "30's",
    "category": "VATABLE",
    "product_price": 1470.00
  },
  {
    "product": "PRIDEL-250MCG",
    "generic_name": "Pramipexole Dihydrochloride 0.25mg Tablets",
    "product_information": "30's",
    "category": "VATABLE",
    "product_price": 600.00
  },
  {
      "product": "MICROLIT 300mg",
      "generic_name": "Lithium Carbonate 300mg",
      "product_information": "50's",
      "category": "VATABLE",
      "product_price": 300.00
  }

]



